coordinates,created_at,hashtags,media,urls,favorite_count,id,in_reply_to_screen_name,in_reply_to_status_id,in_reply_to_user_id,lang,place,possibly_sensitive,retweet_count,reweet_id,retweet_screen_name,source,text,tweet_url,user_created_at,user_screen_name,user_default_profile_image,user_description,user_favourites_count,user_followers_count,user_friends_count,user_listed_count,user_location,user_name,user_screen_name,user_statuses_count,user_time_zone,user_urls,user_verified
,Mon Mar 26 16:32:45 +0000 2018,,,https://livestream.com/newmuseum/EAWRhizomeSession5/videos/172190125,2,978308786892009472,azraiekv,978037278860894200,562571892,en,,false,5,,,"<a href=""http://twitter.com"" rel=""nofollow"">Twitter Web Client</a>","@azraiekv @WebSciDL @hvdsomp @weiglemc @stewartbrand the video is available now.  our panel starts at 1:09:00, and my presentation at 1:42:20 
https://t.co/zm29RiQVI2",https://twitter.com/phonedude_mln/status/978308786892009472,Fri Jun 04 14:56:08 +0000 2010,phonedude_mln,false,"Head of @WebSciDL, Computer Science, Old Dominion University; Formerly: @NASA_Langley (1991-2002), @UNCSILS (2000-2001); 
OAI-PMH OAI-ORE Memento ResourceSync",1536,859,414,72,"Norfolk, VA",Michael L. Nelson,phonedude_mln,5539,,http://www.cs.odu.edu/~mln/,false
,Mon Mar 26 18:23:05 +0000 2018,,,,1,978336554446938118,phonedude_mln,978308786892009500,151901549,en,,,0,,,"<a href=""http://twitter.com"" rel=""nofollow"">Twitter Web Client</a>",@phonedude_mln @WebSciDL @hvdsomp @weiglemc @stewartbrand Thank you so much!,https://twitter.com/azraiekv/status/978336554446938118,Wed Apr 25 01:29:21 +0000 2012,azraiekv,false,it's all about graphs | Columbia University | @force11rescomm BOD | LRTS | @VIVOcollab LG,3334,566,693,52,"New York, USA",azra 🕊️,azraiekv,4665,,,false
,Mon Mar 26 03:07:37 +0000 2018,,,,0,978106167695171585,DaleLore,977987309554552800,472898097,en,,,0,,,"<a href=""http://twitter.com"" rel=""nofollow"">Twitter Web Client</a>","@DaleLore @ablwr @despens @AnnaPerricci @jsdeutch Hi Lorena! I'd love the notes, though I can't offer any in return! If you'd still want to share, my DMs are open. Thanks in advance and please don't feel obliged to message.",https://twitter.com/femalegazebot/status/978106167695171585,Fri Nov 11 02:02:13 +0000 2016,femalegazebot,false,"code @nytimes. prev @HarvardLIL, @BKCHarvard. immigrant, not really a bot. likes can b saves.",4560,322,759,2,brooklyn/warsaw/////,anna bialas,femalegazebot,1306,,,false
,Mon Mar 26 18:32:09 +0000 2018,,,,1,978338836316123136,phonedude_mln,977198802619781100,151901549,en,,,1,,,"<a href=""https://mobile.twitter.com"" rel=""nofollow"">Twitter Lite</a>",@phonedude_mln @WebSciDL @hvdsomp @weiglemc @stewartbrand Any chance you could post the slides for public download somewhere else? SlideShare requires a LinkedIn account,https://twitter.com/amelia_acker/status/978338836316123136,Thu Jun 18 15:25:55 +0000 2009,amelia_acker,false,Assistant Professor @UTiSchool・critical data studies・mobile ICTs・archives & digital preservation・standards・infrastructure 📱,7866,1413,1018,46,ATX + NYC,Amelia 🤳🛶🚲,amelia_acker,8848,,http://www.ameliaacker.com,false
,Mon Mar 26 10:34:56 +0000 2018,,,,3,978218738519564288,femalegazebot,978106167695171600,796895774449733600,en,,,0,,,"<a href=""http://twitter.com/download/iphone"" rel=""nofollow"">Twitter for iPhone</a>",@femalegazebot @DaleLore @despens @AnnaPerricci @jsdeutch I think this one was livestreamed so a recorded version may be up a little later too (hoping!!)?,https://twitter.com/ablwr/status/978218738519564288,Wed Feb 25 04:18:34 +0000 2009,ablwr,false,"Technologist, enthusiast. 👩‍💻 AV Preservation Specialist @archivematica. I like video & open source. See also: @MediaConch, #qctools, @recursecenter, @nttwconf",13132,6047,516,106,eXistenZ,➺ Ashley Blewer! ❥ (@ashley@digipres.club),ablwr,20577,,https://ashleyblewer.com,false
,Mon Mar 26 16:31:00 +0000 2018,eaw18,,https://livestream.com/newmuseum/EAWRhizomeSession5/videos/172190125,2,978308347530301440,azraiekv,978037278860894200,562571892,en,"Portsmouth, VA",false,0,,,"<a href=""http://twitter.com"" rel=""nofollow"">Twitter Web Client</a>",@azraiekv @phonedude_mln @WebSciDL @hvdsomp @weiglemc @stewartbrand See https://t.co/BrE7s4253t starting at 1:09:00-ish. #eaw18,https://twitter.com/machawk1/status/978308347530301440,Tue Jan 31 22:05:50 +0000 2012,machawk1,false,"Floridian turned Virginian; @WebSciDL PhD student researcher at @ODUcs, Creator of #webarchiving software: WARCreate WAIL Mink ipwb",2522,448,380,44,"Portsmouth, VA",Mat Kelly,machawk1,1846,,http://www.cs.odu.edu/~mkelly,false